question_id,doc_id,k,precision,recall,f1,strategy
1ec152119cf756b16191b236c85522afeed11f59,1909.00512,1,0.0,0.0,0.0,Fixed-size
1ec152119cf756b16191b236c85522afeed11f59,1909.00512,3,0.0,0.0,0.0,Fixed-size
1ec152119cf756b16191b236c85522afeed11f59,1909.00512,5,0.0,0.0,0.0,Fixed-size
1ec152119cf756b16191b236c85522afeed11f59,1909.00512,10,0.19642857142857142,0.6111111111111112,0.2972972972972973,Fixed-size
d27438b11bc70e706431dda0af2b1c0b0d209f96,1901.05287,1,0.0,0.0,0.0,Fixed-size
d27438b11bc70e706431dda0af2b1c0b0d209f96,1901.05287,3,0.0,0.0,0.0,Fixed-size
d27438b11bc70e706431dda0af2b1c0b0d209f96,1901.05287,5,0.1,0.2727272727272727,0.14634146341463417,Fixed-size
d27438b11bc70e706431dda0af2b1c0b0d209f96,1901.05287,10,0.05,0.2727272727272727,0.08450704225352113,Fixed-size
f161e6d5aecf8fae3a26374dcb3e4e1b40530c95,1912.04961,1,0.0,0.0,0.0,Fixed-size
f161e6d5aecf8fae3a26374dcb3e4e1b40530c95,1912.04961,3,0.0,0.0,0.0,Fixed-size
f161e6d5aecf8fae3a26374dcb3e4e1b40530c95,1912.04961,5,0.06896551724137931,0.2857142857142857,0.1111111111111111,Fixed-size
f161e6d5aecf8fae3a26374dcb3e4e1b40530c95,1912.04961,10,0.034482758620689655,0.2857142857142857,0.06153846153846154,Fixed-size
7e62a53823aba08bc26b2812db016f5ce6159565,1811.00383,1,0.0,0.0,0.0,Fixed-size
7e62a53823aba08bc26b2812db016f5ce6159565,1811.00383,3,0.0,0.0,0.0,Fixed-size
7e62a53823aba08bc26b2812db016f5ce6159565,1811.00383,5,0.0,0.0,0.0,Fixed-size
7e62a53823aba08bc26b2812db016f5ce6159565,1811.00383,10,0.0,0.0,0.0,Fixed-size
3c93894c4baf49deacc6ed2a14ef5e0f13b7d96f,1612.06685,1,0.5,0.23076923076923078,0.3157894736842105,Fixed-size
3c93894c4baf49deacc6ed2a14ef5e0f13b7d96f,1612.06685,3,0.23529411764705882,0.3076923076923077,0.26666666666666666,Fixed-size
3c93894c4baf49deacc6ed2a14ef5e0f13b7d96f,1612.06685,5,0.32142857142857145,0.6923076923076923,0.4390243902439025,Fixed-size
3c93894c4baf49deacc6ed2a14ef5e0f13b7d96f,1612.06685,10,0.20754716981132076,0.8461538461538461,0.33333333333333337,Fixed-size
b5e4866f0685299f1d7af267bbcc4afe2aab806f,1810.08699,1,0.0,0.0,0.0,Fixed-size
b5e4866f0685299f1d7af267bbcc4afe2aab806f,1810.08699,3,0.0,0.0,0.0,Fixed-size
b5e4866f0685299f1d7af267bbcc4afe2aab806f,1810.08699,5,0.0,0.0,0.0,Fixed-size
b5e4866f0685299f1d7af267bbcc4afe2aab806f,1810.08699,10,0.0,0.0,0.0,Fixed-size
cfbec1ef032ac968560a7c76dec70faf1269b27c,1704.06194,1,0.0,0.0,0.0,Fixed-size
cfbec1ef032ac968560a7c76dec70faf1269b27c,1704.06194,3,0.23529411764705882,1.0,0.38095238095238093,Fixed-size
cfbec1ef032ac968560a7c76dec70faf1269b27c,1704.06194,5,0.14285714285714285,1.0,0.25,Fixed-size
cfbec1ef032ac968560a7c76dec70faf1269b27c,1704.06194,10,0.07017543859649122,1.0,0.13114754098360656,Fixed-size
455d4ef8611f62b1361be4f6387b222858bb5e56,1603.09631,1,0.0,0.0,0.0,Fixed-size
455d4ef8611f62b1361be4f6387b222858bb5e56,1603.09631,3,0.1111111111111111,0.3333333333333333,0.16666666666666666,Fixed-size
455d4ef8611f62b1361be4f6387b222858bb5e56,1603.09631,5,0.06666666666666667,0.3333333333333333,0.1111111111111111,Fixed-size
455d4ef8611f62b1361be4f6387b222858bb5e56,1603.09631,10,0.034482758620689655,0.3333333333333333,0.0625,Fixed-size
5eda469a8a77f028d0c5f1acd296111085614537,1912.01214,1,0.0,0.0,0.0,Fixed-size
5eda469a8a77f028d0c5f1acd296111085614537,1912.01214,3,0.0,0.0,0.0,Fixed-size
5eda469a8a77f028d0c5f1acd296111085614537,1912.01214,5,0.0,0.0,0.0,Fixed-size
5eda469a8a77f028d0c5f1acd296111085614537,1912.01214,10,0.0,0.0,0.0,Fixed-size
c21b87c97d1afac85ece2450ee76d01c946de668,2002.03407,1,0.0,0.0,0.0,Fixed-size
c21b87c97d1afac85ece2450ee76d01c946de668,2002.03407,3,0.0,0.0,0.0,Fixed-size
c21b87c97d1afac85ece2450ee76d01c946de668,2002.03407,5,0.0,0.0,0.0,Fixed-size
c21b87c97d1afac85ece2450ee76d01c946de668,2002.03407,10,0.017543859649122806,0.14285714285714285,0.03125,Fixed-size
9eabb54c2408dac24f00f92cf1061258c7ea2e1a,1909.09067,1,0.0,0.0,0.0,Fixed-size
9eabb54c2408dac24f00f92cf1061258c7ea2e1a,1909.09067,3,0.16666666666666666,0.5,0.25,Fixed-size
9eabb54c2408dac24f00f92cf1061258c7ea2e1a,1909.09067,5,0.1,0.5,0.16666666666666669,Fixed-size
9eabb54c2408dac24f00f92cf1061258c7ea2e1a,1909.09067,10,0.05555555555555555,0.5,0.09999999999999999,Fixed-size
a87a009c242d57c51fc94fe312af5e02070f898b,1609.00425,1,0.0,0.0,0.0,Fixed-size
a87a009c242d57c51fc94fe312af5e02070f898b,1609.00425,3,0.0,0.0,0.0,Fixed-size
a87a009c242d57c51fc94fe312af5e02070f898b,1609.00425,5,0.0,0.0,0.0,Fixed-size
a87a009c242d57c51fc94fe312af5e02070f898b,1609.00425,10,0.0,0.0,0.0,Fixed-size
0752d71a0a1f73b3482a888313622ce9e9870d6e,1708.01464,1,0.0,0.0,0.0,Fixed-size
0752d71a0a1f73b3482a888313622ce9e9870d6e,1708.01464,3,0.0,0.0,0.0,Fixed-size
0752d71a0a1f73b3482a888313622ce9e9870d6e,1708.01464,5,0.0,0.0,0.0,Fixed-size
0752d71a0a1f73b3482a888313622ce9e9870d6e,1708.01464,10,0.0,0.0,0.0,Fixed-size
1f085b9bb7bfd0d6c8cba1a9d73f08fcf2da7590,1810.08699,1,0.0,0.0,0.0,Fixed-size
1f085b9bb7bfd0d6c8cba1a9d73f08fcf2da7590,1810.08699,3,0.0,0.0,0.0,Fixed-size
1f085b9bb7bfd0d6c8cba1a9d73f08fcf2da7590,1810.08699,5,0.0,0.0,0.0,Fixed-size
1f085b9bb7bfd0d6c8cba1a9d73f08fcf2da7590,1810.08699,10,0.0,0.0,0.0,Fixed-size
efe9bad55107a6be7704ed97ecce948a8ca7b1d2,1909.11687,1,0.0,0.0,0.0,Fixed-size
efe9bad55107a6be7704ed97ecce948a8ca7b1d2,1909.11687,3,0.0,0.0,0.0,Fixed-size
efe9bad55107a6be7704ed97ecce948a8ca7b1d2,1909.11687,5,0.0,0.0,0.0,Fixed-size
efe9bad55107a6be7704ed97ecce948a8ca7b1d2,1909.11687,10,0.0,0.0,0.0,Fixed-size
18c5d366b1da8447b5404eab71f4cc658ba12e6f,1810.08699,1,0.0,0.0,0.0,Fixed-size
18c5d366b1da8447b5404eab71f4cc658ba12e6f,1810.08699,3,0.0,0.0,0.0,Fixed-size
18c5d366b1da8447b5404eab71f4cc658ba12e6f,1810.08699,5,0.0,0.0,0.0,Fixed-size
18c5d366b1da8447b5404eab71f4cc658ba12e6f,1810.08699,10,0.0,0.0,0.0,Fixed-size
26c2e1eb12143d985e4fb50543cf0d1eb4395e67,1605.06083,1,0.3333333333333333,0.2222222222222222,0.26666666666666666,Fixed-size
26c2e1eb12143d985e4fb50543cf0d1eb4395e67,1605.06083,3,0.11764705882352941,0.2222222222222222,0.15384615384615383,Fixed-size
26c2e1eb12143d985e4fb50543cf0d1eb4395e67,1605.06083,5,0.06896551724137931,0.2222222222222222,0.10526315789473684,Fixed-size
26c2e1eb12143d985e4fb50543cf0d1eb4395e67,1605.06083,10,0.03571428571428571,0.2222222222222222,0.06153846153846154,Fixed-size
3de0487276bb5961586acc6e9f82934ef8cb668c,2003.03106,1,0.8333333333333334,0.2777777777777778,0.4166666666666667,Fixed-size
3de0487276bb5961586acc6e9f82934ef8cb668c,2003.03106,3,0.3333333333333333,0.2777777777777778,0.303030303030303,Fixed-size
3de0487276bb5961586acc6e9f82934ef8cb668c,2003.03106,5,0.2962962962962963,0.4444444444444444,0.3555555555555555,Fixed-size
3de0487276bb5961586acc6e9f82934ef8cb668c,2003.03106,10,0.14814814814814814,0.4444444444444444,0.2222222222222222,Fixed-size
07d15501a599bae7eb4a9ead63e9df3d55b3dc35,1612.06685,1,0.0,0.0,0.0,Fixed-size
07d15501a599bae7eb4a9ead63e9df3d55b3dc35,1612.06685,3,0.0,0.0,0.0,Fixed-size
07d15501a599bae7eb4a9ead63e9df3d55b3dc35,1612.06685,5,0.0,0.0,0.0,Fixed-size
07d15501a599bae7eb4a9ead63e9df3d55b3dc35,1612.06685,10,0.05357142857142857,0.375,0.09375,Fixed-size
d087539e6a38c42f0a521ff2173ef42c0733878e,1909.11687,1,0.0,0.0,0.0,Fixed-size
d087539e6a38c42f0a521ff2173ef42c0733878e,1909.11687,3,0.23529411764705882,1.0,0.38095238095238093,Fixed-size
d087539e6a38c42f0a521ff2173ef42c0733878e,1909.11687,5,0.14285714285714285,1.0,0.25,Fixed-size
d087539e6a38c42f0a521ff2173ef42c0733878e,1909.11687,10,0.07407407407407407,1.0,0.13793103448275862,Fixed-size
0810b43404686ddfe4ca84783477ae300fdd2ea4,1910.10781,1,0.0,0.0,0.0,Fixed-size
0810b43404686ddfe4ca84783477ae300fdd2ea4,1910.10781,3,0.0,0.0,0.0,Fixed-size
0810b43404686ddfe4ca84783477ae300fdd2ea4,1910.10781,5,0.0,0.0,0.0,Fixed-size
0810b43404686ddfe4ca84783477ae300fdd2ea4,1910.10781,10,0.09090909090909091,0.19230769230769232,0.1234567901234568,Fixed-size
9ee07edc371e014df686ced4fb0c3a7b9ce3d5dc,1704.06194,1,0.0,0.0,0.0,Fixed-size
9ee07edc371e014df686ced4fb0c3a7b9ce3d5dc,1704.06194,3,0.0,0.0,0.0,Fixed-size
9ee07edc371e014df686ced4fb0c3a7b9ce3d5dc,1704.06194,5,0.0,0.0,0.0,Fixed-size
9ee07edc371e014df686ced4fb0c3a7b9ce3d5dc,1704.06194,10,0.0,0.0,0.0,Fixed-size
2df4a045a9cd7b44874340b6fdf9308d3c55327a,1801.05147,1,0.0,0.0,0.0,Fixed-size
2df4a045a9cd7b44874340b6fdf9308d3c55327a,1801.05147,3,0.0,0.0,0.0,Fixed-size
2df4a045a9cd7b44874340b6fdf9308d3c55327a,1801.05147,5,0.0,0.0,0.0,Fixed-size
2df4a045a9cd7b44874340b6fdf9308d3c55327a,1801.05147,10,0.0,0.0,0.0,Fixed-size
d3aa0449708cc861a51551b128d73e11d62207d2,1704.06194,1,0.0,0.0,0.0,Fixed-size
d3aa0449708cc861a51551b128d73e11d62207d2,1704.06194,3,0.0,0.0,0.0,Fixed-size
d3aa0449708cc861a51551b128d73e11d62207d2,1704.06194,5,0.0,0.0,0.0,Fixed-size
d3aa0449708cc861a51551b128d73e11d62207d2,1704.06194,10,0.0,0.0,0.0,Fixed-size
10d450960907091f13e0be55f40bcb96f44dd074,2002.03407,1,0.0,0.0,0.0,Fixed-size
10d450960907091f13e0be55f40bcb96f44dd074,2002.03407,3,0.0,0.0,0.0,Fixed-size
10d450960907091f13e0be55f40bcb96f44dd074,2002.03407,5,0.23076923076923078,0.21428571428571427,0.22222222222222224,Fixed-size
10d450960907091f13e0be55f40bcb96f44dd074,2002.03407,10,0.1346153846153846,0.25,0.17500000000000002,Fixed-size
6d4400f45bd97b812e946b8a682b018826e841f1,1605.06083,1,0.0,0.0,0.0,Fixed-size
6d4400f45bd97b812e946b8a682b018826e841f1,1605.06083,3,0.0,0.0,0.0,Fixed-size
6d4400f45bd97b812e946b8a682b018826e841f1,1605.06083,5,0.0,0.0,0.0,Fixed-size
6d4400f45bd97b812e946b8a682b018826e841f1,1605.06083,10,0.10714285714285714,0.2857142857142857,0.1558441558441558,Fixed-size
113d791df6fcfc9cecfb7b1bebaf32cc2e4402ab,1708.01464,1,0.0,0.0,0.0,Fixed-size
113d791df6fcfc9cecfb7b1bebaf32cc2e4402ab,1708.01464,3,0.0,0.0,0.0,Fixed-size
113d791df6fcfc9cecfb7b1bebaf32cc2e4402ab,1708.01464,5,0.0,0.0,0.0,Fixed-size
113d791df6fcfc9cecfb7b1bebaf32cc2e4402ab,1708.01464,10,0.0,0.0,0.0,Fixed-size
37861be6aecd9242c4fdccdfcd06e48f3f1f8f81,1811.00383,1,0.5,0.02631578947368421,0.05,Fixed-size
37861be6aecd9242c4fdccdfcd06e48f3f1f8f81,1811.00383,3,0.3076923076923077,0.10526315789473684,0.1568627450980392,Fixed-size
37861be6aecd9242c4fdccdfcd06e48f3f1f8f81,1811.00383,5,0.25,0.15789473684210525,0.1935483870967742,Fixed-size
37861be6aecd9242c4fdccdfcd06e48f3f1f8f81,1811.00383,10,0.26,0.34210526315789475,0.29545454545454547,Fixed-size
b6f15fb6279b82e34a5bf4828b7b5ddabfdf1d54,1912.01214,1,0.0,0.0,0.0,Fixed-size
b6f15fb6279b82e34a5bf4828b7b5ddabfdf1d54,1912.01214,3,0.0,0.0,0.0,Fixed-size
b6f15fb6279b82e34a5bf4828b7b5ddabfdf1d54,1912.01214,5,0.0,0.0,0.0,Fixed-size
b6f15fb6279b82e34a5bf4828b7b5ddabfdf1d54,1912.01214,10,0.0,0.0,0.0,Fixed-size
861187338c5ad445b9acddba8f2c7688785667b1,1912.04961,1,0.0,0.0,0.0,Fixed-size
861187338c5ad445b9acddba8f2c7688785667b1,1912.04961,3,0.0,0.0,0.0,Fixed-size
861187338c5ad445b9acddba8f2c7688785667b1,1912.04961,5,0.0,0.0,0.0,Fixed-size
861187338c5ad445b9acddba8f2c7688785667b1,1912.04961,10,0.0,0.0,0.0,Fixed-size
55c8f7acbfd4f5cde634aaecd775b3bb32e9ffa3,1708.01464,1,0.0,0.0,0.0,Fixed-size
55c8f7acbfd4f5cde634aaecd775b3bb32e9ffa3,1708.01464,3,0.0,0.0,0.0,Fixed-size
55c8f7acbfd4f5cde634aaecd775b3bb32e9ffa3,1708.01464,5,0.06896551724137931,0.4,0.1176470588235294,Fixed-size
55c8f7acbfd4f5cde634aaecd775b3bb32e9ffa3,1708.01464,10,0.08771929824561403,1.0,0.16129032258064516,Fixed-size
b5608076d91450b0d295ad14c3e3a90d7e168d0e,2002.03407,1,0.0,0.0,0.0,Fixed-size
b5608076d91450b0d295ad14c3e3a90d7e168d0e,2002.03407,3,0.0,0.0,0.0,Fixed-size
b5608076d91450b0d295ad14c3e3a90d7e168d0e,2002.03407,5,0.20689655172413793,0.3,0.24489795918367346,Fixed-size
b5608076d91450b0d295ad14c3e3a90d7e168d0e,2002.03407,10,0.11538461538461539,0.3,0.16666666666666669,Fixed-size
bd5bd1765362c2d972a762ca12675108754aa437,1804.05918,1,0.0,0.0,0.0,Fixed-size
bd5bd1765362c2d972a762ca12675108754aa437,1804.05918,3,0.0,0.0,0.0,Fixed-size
bd5bd1765362c2d972a762ca12675108754aa437,1804.05918,5,0.0,0.0,0.0,Fixed-size
bd5bd1765362c2d972a762ca12675108754aa437,1804.05918,10,0.0,0.0,0.0,Fixed-size
31735ec3d83c40b79d11df5c34154849aeb3fb47,2002.03407,1,0.0,0.0,0.0,Fixed-size
31735ec3d83c40b79d11df5c34154849aeb3fb47,2002.03407,3,0.0,0.0,0.0,Fixed-size
31735ec3d83c40b79d11df5c34154849aeb3fb47,2002.03407,5,0.0,0.0,0.0,Fixed-size
31735ec3d83c40b79d11df5c34154849aeb3fb47,2002.03407,10,0.0,0.0,0.0,Fixed-size
99e78c390932594bd833be0f5c890af5c605d808,1912.04961,1,0.0,0.0,0.0,Fixed-size
99e78c390932594bd833be0f5c890af5c605d808,1912.04961,3,0.0,0.0,0.0,Fixed-size
99e78c390932594bd833be0f5c890af5c605d808,1912.04961,5,0.0,0.0,0.0,Fixed-size
99e78c390932594bd833be0f5c890af5c605d808,1912.04961,10,0.0,0.0,0.0,Fixed-size
f5e6f43454332e0521a778db0b769481e23e7682,1912.01214,1,0.0,0.0,0.0,Fixed-size
f5e6f43454332e0521a778db0b769481e23e7682,1912.01214,3,0.0,0.0,0.0,Fixed-size
f5e6f43454332e0521a778db0b769481e23e7682,1912.01214,5,0.0,0.0,0.0,Fixed-size
f5e6f43454332e0521a778db0b769481e23e7682,1912.01214,10,0.0,0.0,0.0,Fixed-size
66c96c297c2cffdf5013bab5e95b59101cb38655,2003.03106,1,0.0,0.0,0.0,Fixed-size
66c96c297c2cffdf5013bab5e95b59101cb38655,2003.03106,3,0.0,0.0,0.0,Fixed-size
66c96c297c2cffdf5013bab5e95b59101cb38655,2003.03106,5,0.0,0.0,0.0,Fixed-size
66c96c297c2cffdf5013bab5e95b59101cb38655,2003.03106,10,0.03508771929824561,0.16666666666666666,0.057971014492753624,Fixed-size
9a05a5f4351db75da371f7ac12eb0b03607c4b87,1912.01214,1,0.0,0.0,0.0,Fixed-size
9a05a5f4351db75da371f7ac12eb0b03607c4b87,1912.01214,3,0.0,0.0,0.0,Fixed-size
9a05a5f4351db75da371f7ac12eb0b03607c4b87,1912.01214,5,0.0,0.0,0.0,Fixed-size
9a05a5f4351db75da371f7ac12eb0b03607c4b87,1912.01214,10,0.0,0.0,0.0,Fixed-size
d9b6c61fc6d29ad399d27b931b6cb7b1117b314a,1809.04267,1,0.0,0.0,0.0,Fixed-size
d9b6c61fc6d29ad399d27b931b6cb7b1117b314a,1809.04267,3,0.0,0.0,0.0,Fixed-size
d9b6c61fc6d29ad399d27b931b6cb7b1117b314a,1809.04267,5,0.0,0.0,0.0,Fixed-size
d9b6c61fc6d29ad399d27b931b6cb7b1117b314a,1809.04267,10,0.05263157894736842,0.42857142857142855,0.09375,Fixed-size
7561a968470a8936d10e1ba722d2f38b5a9a4d38,1605.06083,1,0.0,0.0,0.0,Fixed-size
7561a968470a8936d10e1ba722d2f38b5a9a4d38,1605.06083,3,0.0,0.0,0.0,Fixed-size
7561a968470a8936d10e1ba722d2f38b5a9a4d38,1605.06083,5,0.0,0.0,0.0,Fixed-size
7561a968470a8936d10e1ba722d2f38b5a9a4d38,1605.06083,10,0.0,0.0,0.0,Fixed-size
1ec152119cf756b16191b236c85522afeed11f59,1909.00512,1,0.0,0.0,0.0,Semantic breakpoint
1ec152119cf756b16191b236c85522afeed11f59,1909.00512,3,0.0945945945945946,0.3888888888888889,0.15217391304347827,Semantic breakpoint
1ec152119cf756b16191b236c85522afeed11f59,1909.00512,5,0.04938271604938271,0.4444444444444444,0.08888888888888889,Semantic breakpoint
1ec152119cf756b16191b236c85522afeed11f59,1909.00512,10,0.07627118644067797,1.0,0.14173228346456693,Semantic breakpoint
d27438b11bc70e706431dda0af2b1c0b0d209f96,1901.05287,1,0.0,0.0,0.0,Semantic breakpoint
d27438b11bc70e706431dda0af2b1c0b0d209f96,1901.05287,3,0.0,0.0,0.0,Semantic breakpoint
d27438b11bc70e706431dda0af2b1c0b0d209f96,1901.05287,5,0.02564102564102564,0.09090909090909091,0.04,Semantic breakpoint
d27438b11bc70e706431dda0af2b1c0b0d209f96,1901.05287,10,0.0125,0.09090909090909091,0.02197802197802198,Semantic breakpoint
f161e6d5aecf8fae3a26374dcb3e4e1b40530c95,1912.04961,1,0.0,0.0,0.0,Semantic breakpoint
f161e6d5aecf8fae3a26374dcb3e4e1b40530c95,1912.04961,3,0.0,0.0,0.0,Semantic breakpoint
f161e6d5aecf8fae3a26374dcb3e4e1b40530c95,1912.04961,5,0.0,0.0,0.0,Semantic breakpoint
f161e6d5aecf8fae3a26374dcb3e4e1b40530c95,1912.04961,10,0.0,0.0,0.0,Semantic breakpoint
7e62a53823aba08bc26b2812db016f5ce6159565,1811.00383,1,0.0,0.0,0.0,Semantic breakpoint
7e62a53823aba08bc26b2812db016f5ce6159565,1811.00383,3,0.0,0.0,0.0,Semantic breakpoint
7e62a53823aba08bc26b2812db016f5ce6159565,1811.00383,5,0.0,0.0,0.0,Semantic breakpoint
7e62a53823aba08bc26b2812db016f5ce6159565,1811.00383,10,0.0,0.0,0.0,Semantic breakpoint
3c93894c4baf49deacc6ed2a14ef5e0f13b7d96f,1612.06685,1,0.6,0.46153846153846156,0.5217391304347826,Semantic breakpoint
3c93894c4baf49deacc6ed2a14ef5e0f13b7d96f,1612.06685,3,0.23255813953488372,0.7692307692307693,0.3571428571428571,Semantic breakpoint
3c93894c4baf49deacc6ed2a14ef5e0f13b7d96f,1612.06685,5,0.17543859649122806,0.7692307692307693,0.2857142857142857,Semantic breakpoint
3c93894c4baf49deacc6ed2a14ef5e0f13b7d96f,1612.06685,10,0.07428571428571429,1.0,0.13829787234042554,Semantic breakpoint
b5e4866f0685299f1d7af267bbcc4afe2aab806f,1810.08699,1,0.2,0.2222222222222222,0.2105263157894737,Semantic breakpoint
b5e4866f0685299f1d7af267bbcc4afe2aab806f,1810.08699,3,0.07142857142857142,0.2222222222222222,0.10810810810810811,Semantic breakpoint
b5e4866f0685299f1d7af267bbcc4afe2aab806f,1810.08699,5,0.03125,0.2222222222222222,0.0547945205479452,Semantic breakpoint
b5e4866f0685299f1d7af267bbcc4afe2aab806f,1810.08699,10,0.015151515151515152,0.2222222222222222,0.028368794326241138,Semantic breakpoint
cfbec1ef032ac968560a7c76dec70faf1269b27c,1704.06194,1,0.05128205128205128,1.0,0.09756097560975609,Semantic breakpoint
cfbec1ef032ac968560a7c76dec70faf1269b27c,1704.06194,3,0.02564102564102564,1.0,0.05,Semantic breakpoint
cfbec1ef032ac968560a7c76dec70faf1269b27c,1704.06194,5,0.020942408376963352,1.0,0.041025641025641026,Semantic breakpoint
cfbec1ef032ac968560a7c76dec70faf1269b27c,1704.06194,10,0.014814814814814815,1.0,0.029197080291970802,Semantic breakpoint
455d4ef8611f62b1361be4f6387b222858bb5e56,1603.09631,1,0.0,0.0,0.0,Semantic breakpoint
455d4ef8611f62b1361be4f6387b222858bb5e56,1603.09631,3,0.0,0.0,0.0,Semantic breakpoint
455d4ef8611f62b1361be4f6387b222858bb5e56,1603.09631,5,0.0,0.0,0.0,Semantic breakpoint
455d4ef8611f62b1361be4f6387b222858bb5e56,1603.09631,10,0.0,0.0,0.0,Semantic breakpoint
5eda469a8a77f028d0c5f1acd296111085614537,1912.01214,1,0.0,0.0,0.0,Semantic breakpoint
5eda469a8a77f028d0c5f1acd296111085614537,1912.01214,3,0.0,0.0,0.0,Semantic breakpoint
5eda469a8a77f028d0c5f1acd296111085614537,1912.01214,5,0.0,0.0,0.0,Semantic breakpoint
5eda469a8a77f028d0c5f1acd296111085614537,1912.01214,10,0.0,0.0,0.0,Semantic breakpoint
c21b87c97d1afac85ece2450ee76d01c946de668,2002.03407,1,0.11666666666666667,1.0,0.208955223880597,Semantic breakpoint
c21b87c97d1afac85ece2450ee76d01c946de668,2002.03407,3,0.08045977011494253,1.0,0.14893617021276595,Semantic breakpoint
c21b87c97d1afac85ece2450ee76d01c946de668,2002.03407,5,0.06363636363636363,1.0,0.11965811965811964,Semantic breakpoint
c21b87c97d1afac85ece2450ee76d01c946de668,2002.03407,10,0.029166666666666667,1.0,0.056680161943319846,Semantic breakpoint
9eabb54c2408dac24f00f92cf1061258c7ea2e1a,1909.09067,1,0.09090909090909091,0.16666666666666666,0.11764705882352942,Semantic breakpoint
9eabb54c2408dac24f00f92cf1061258c7ea2e1a,1909.09067,3,0.08695652173913043,1.0,0.16,Semantic breakpoint
9eabb54c2408dac24f00f92cf1061258c7ea2e1a,1909.09067,5,0.03636363636363636,1.0,0.07017543859649122,Semantic breakpoint
9eabb54c2408dac24f00f92cf1061258c7ea2e1a,1909.09067,10,0.023809523809523808,1.0,0.046511627906976744,Semantic breakpoint
a87a009c242d57c51fc94fe312af5e02070f898b,1609.00425,1,0.0,0.0,0.0,Semantic breakpoint
a87a009c242d57c51fc94fe312af5e02070f898b,1609.00425,3,0.0,0.0,0.0,Semantic breakpoint
a87a009c242d57c51fc94fe312af5e02070f898b,1609.00425,5,0.0,0.0,0.0,Semantic breakpoint
a87a009c242d57c51fc94fe312af5e02070f898b,1609.00425,10,0.0,0.0,0.0,Semantic breakpoint
0752d71a0a1f73b3482a888313622ce9e9870d6e,1708.01464,1,0.0,0.0,0.0,Semantic breakpoint
0752d71a0a1f73b3482a888313622ce9e9870d6e,1708.01464,3,0.0,0.0,0.0,Semantic breakpoint
0752d71a0a1f73b3482a888313622ce9e9870d6e,1708.01464,5,0.0,0.0,0.0,Semantic breakpoint
0752d71a0a1f73b3482a888313622ce9e9870d6e,1708.01464,10,0.0,0.0,0.0,Semantic breakpoint
1f085b9bb7bfd0d6c8cba1a9d73f08fcf2da7590,1810.08699,1,0.0,0.0,0.0,Semantic breakpoint
1f085b9bb7bfd0d6c8cba1a9d73f08fcf2da7590,1810.08699,3,0.0,0.0,0.0,Semantic breakpoint
1f085b9bb7bfd0d6c8cba1a9d73f08fcf2da7590,1810.08699,5,0.0,0.0,0.0,Semantic breakpoint
1f085b9bb7bfd0d6c8cba1a9d73f08fcf2da7590,1810.08699,10,0.05945945945945946,0.7857142857142857,0.11055276381909548,Semantic breakpoint
efe9bad55107a6be7704ed97ecce948a8ca7b1d2,1909.11687,1,0.0,0.0,0.0,Semantic breakpoint
efe9bad55107a6be7704ed97ecce948a8ca7b1d2,1909.11687,3,0.0,0.0,0.0,Semantic breakpoint
efe9bad55107a6be7704ed97ecce948a8ca7b1d2,1909.11687,5,0.0,0.0,0.0,Semantic breakpoint
efe9bad55107a6be7704ed97ecce948a8ca7b1d2,1909.11687,10,0.0,0.0,0.0,Semantic breakpoint
18c5d366b1da8447b5404eab71f4cc658ba12e6f,1810.08699,1,0.0,0.0,0.0,Semantic breakpoint
18c5d366b1da8447b5404eab71f4cc658ba12e6f,1810.08699,3,0.0,0.0,0.0,Semantic breakpoint
18c5d366b1da8447b5404eab71f4cc658ba12e6f,1810.08699,5,0.0,0.0,0.0,Semantic breakpoint
18c5d366b1da8447b5404eab71f4cc658ba12e6f,1810.08699,10,0.0,0.0,0.0,Semantic breakpoint
26c2e1eb12143d985e4fb50543cf0d1eb4395e67,1605.06083,1,0.20689655172413793,0.6666666666666666,0.31578947368421056,Semantic breakpoint
26c2e1eb12143d985e4fb50543cf0d1eb4395e67,1605.06083,3,0.15384615384615385,0.6666666666666666,0.25,Semantic breakpoint
26c2e1eb12143d985e4fb50543cf0d1eb4395e67,1605.06083,5,0.05454545454545454,0.6666666666666666,0.10084033613445378,Semantic breakpoint
26c2e1eb12143d985e4fb50543cf0d1eb4395e67,1605.06083,10,0.037267080745341616,0.6666666666666666,0.07058823529411765,Semantic breakpoint
3de0487276bb5961586acc6e9f82934ef8cb668c,2003.03106,1,0.0,0.0,0.0,Semantic breakpoint
3de0487276bb5961586acc6e9f82934ef8cb668c,2003.03106,3,0.03571428571428571,0.16666666666666666,0.058823529411764705,Semantic breakpoint
3de0487276bb5961586acc6e9f82934ef8cb668c,2003.03106,5,0.0297029702970297,0.16666666666666666,0.050420168067226885,Semantic breakpoint
3de0487276bb5961586acc6e9f82934ef8cb668c,2003.03106,10,0.08144796380090498,1.0,0.1506276150627615,Semantic breakpoint
07d15501a599bae7eb4a9ead63e9df3d55b3dc35,1612.06685,1,0.0,0.0,0.0,Semantic breakpoint
07d15501a599bae7eb4a9ead63e9df3d55b3dc35,1612.06685,3,0.025423728813559324,0.375,0.04761904761904762,Semantic breakpoint
07d15501a599bae7eb4a9ead63e9df3d55b3dc35,1612.06685,5,0.017964071856287425,0.375,0.03428571428571429,Semantic breakpoint
07d15501a599bae7eb4a9ead63e9df3d55b3dc35,1612.06685,10,0.03007518796992481,1.0,0.058394160583941604,Semantic breakpoint
d087539e6a38c42f0a521ff2173ef42c0733878e,1909.11687,1,0.0,0.0,0.0,Semantic breakpoint
d087539e6a38c42f0a521ff2173ef42c0733878e,1909.11687,3,0.04597701149425287,1.0,0.08791208791208792,Semantic breakpoint
d087539e6a38c42f0a521ff2173ef42c0733878e,1909.11687,5,0.023529411764705882,1.0,0.04597701149425288,Semantic breakpoint
d087539e6a38c42f0a521ff2173ef42c0733878e,1909.11687,10,0.010958904109589041,1.0,0.02168021680216802,Semantic breakpoint
0810b43404686ddfe4ca84783477ae300fdd2ea4,1910.10781,1,0.0,0.0,0.0,Semantic breakpoint
0810b43404686ddfe4ca84783477ae300fdd2ea4,1910.10781,3,0.0,0.0,0.0,Semantic breakpoint
0810b43404686ddfe4ca84783477ae300fdd2ea4,1910.10781,5,0.04,0.15384615384615385,0.0634920634920635,Semantic breakpoint
0810b43404686ddfe4ca84783477ae300fdd2ea4,1910.10781,10,0.13125,0.8076923076923077,0.22580645161290325,Semantic breakpoint
9ee07edc371e014df686ced4fb0c3a7b9ce3d5dc,1704.06194,1,0.0,0.0,0.0,Semantic breakpoint
9ee07edc371e014df686ced4fb0c3a7b9ce3d5dc,1704.06194,3,0.0,0.0,0.0,Semantic breakpoint
9ee07edc371e014df686ced4fb0c3a7b9ce3d5dc,1704.06194,5,0.0,0.0,0.0,Semantic breakpoint
9ee07edc371e014df686ced4fb0c3a7b9ce3d5dc,1704.06194,10,0.011560693641618497,0.2857142857142857,0.022222222222222223,Semantic breakpoint
2df4a045a9cd7b44874340b6fdf9308d3c55327a,1801.05147,1,0.0,0.0,0.0,Semantic breakpoint
2df4a045a9cd7b44874340b6fdf9308d3c55327a,1801.05147,3,0.0,0.0,0.0,Semantic breakpoint
2df4a045a9cd7b44874340b6fdf9308d3c55327a,1801.05147,5,0.0,0.0,0.0,Semantic breakpoint
2df4a045a9cd7b44874340b6fdf9308d3c55327a,1801.05147,10,0.0,0.0,0.0,Semantic breakpoint
d3aa0449708cc861a51551b128d73e11d62207d2,1704.06194,1,0.0,0.0,0.0,Semantic breakpoint
d3aa0449708cc861a51551b128d73e11d62207d2,1704.06194,3,0.0,0.0,0.0,Semantic breakpoint
d3aa0449708cc861a51551b128d73e11d62207d2,1704.06194,5,0.0,0.0,0.0,Semantic breakpoint
d3aa0449708cc861a51551b128d73e11d62207d2,1704.06194,10,0.0,0.0,0.0,Semantic breakpoint
10d450960907091f13e0be55f40bcb96f44dd074,2002.03407,1,0.0,0.0,0.0,Semantic breakpoint
10d450960907091f13e0be55f40bcb96f44dd074,2002.03407,3,0.07407407407407407,0.07142857142857142,0.07272727272727272,Semantic breakpoint
10d450960907091f13e0be55f40bcb96f44dd074,2002.03407,5,0.06451612903225806,0.07142857142857142,0.06779661016949153,Semantic breakpoint
10d450960907091f13e0be55f40bcb96f44dd074,2002.03407,10,0.016260162601626018,0.07142857142857142,0.026490066225165563,Semantic breakpoint
6d4400f45bd97b812e946b8a682b018826e841f1,1605.06083,1,0.0,0.0,0.0,Semantic breakpoint
6d4400f45bd97b812e946b8a682b018826e841f1,1605.06083,3,0.25,0.5714285714285714,0.34782608695652173,Semantic breakpoint
6d4400f45bd97b812e946b8a682b018826e841f1,1605.06083,5,0.0718562874251497,0.5714285714285714,0.1276595744680851,Semantic breakpoint
6d4400f45bd97b812e946b8a682b018826e841f1,1605.06083,10,0.05504587155963303,0.5714285714285714,0.100418410041841,Semantic breakpoint
113d791df6fcfc9cecfb7b1bebaf32cc2e4402ab,1708.01464,1,0.0,0.0,0.0,Semantic breakpoint
113d791df6fcfc9cecfb7b1bebaf32cc2e4402ab,1708.01464,3,0.0,0.0,0.0,Semantic breakpoint
113d791df6fcfc9cecfb7b1bebaf32cc2e4402ab,1708.01464,5,0.0,0.0,0.0,Semantic breakpoint
113d791df6fcfc9cecfb7b1bebaf32cc2e4402ab,1708.01464,10,0.005917159763313609,1.0,0.011764705882352941,Semantic breakpoint
37861be6aecd9242c4fdccdfcd06e48f3f1f8f81,1811.00383,1,0.23076923076923078,0.07894736842105263,0.11764705882352941,Semantic breakpoint
37861be6aecd9242c4fdccdfcd06e48f3f1f8f81,1811.00383,3,0.2962962962962963,0.21052631578947367,0.24615384615384617,Semantic breakpoint
37861be6aecd9242c4fdccdfcd06e48f3f1f8f81,1811.00383,5,0.3333333333333333,0.5,0.4,Semantic breakpoint
37861be6aecd9242c4fdccdfcd06e48f3f1f8f81,1811.00383,10,0.07450980392156863,0.5,0.12969283276450513,Semantic breakpoint
b6f15fb6279b82e34a5bf4828b7b5ddabfdf1d54,1912.01214,1,0.0,0.0,0.0,Semantic breakpoint
b6f15fb6279b82e34a5bf4828b7b5ddabfdf1d54,1912.01214,3,0.0,0.0,0.0,Semantic breakpoint
b6f15fb6279b82e34a5bf4828b7b5ddabfdf1d54,1912.01214,5,0.0,0.0,0.0,Semantic breakpoint
b6f15fb6279b82e34a5bf4828b7b5ddabfdf1d54,1912.01214,10,0.023076923076923078,1.0,0.04511278195488722,Semantic breakpoint
861187338c5ad445b9acddba8f2c7688785667b1,1912.04961,1,0.0,0.0,0.0,Semantic breakpoint
861187338c5ad445b9acddba8f2c7688785667b1,1912.04961,3,0.0,0.0,0.0,Semantic breakpoint
861187338c5ad445b9acddba8f2c7688785667b1,1912.04961,5,0.0,0.0,0.0,Semantic breakpoint
861187338c5ad445b9acddba8f2c7688785667b1,1912.04961,10,0.0,0.0,0.0,Semantic breakpoint
55c8f7acbfd4f5cde634aaecd775b3bb32e9ffa3,1708.01464,1,0.0,0.0,0.0,Semantic breakpoint
55c8f7acbfd4f5cde634aaecd775b3bb32e9ffa3,1708.01464,3,0.0,0.0,0.0,Semantic breakpoint
55c8f7acbfd4f5cde634aaecd775b3bb32e9ffa3,1708.01464,5,0.0,0.0,0.0,Semantic breakpoint
55c8f7acbfd4f5cde634aaecd775b3bb32e9ffa3,1708.01464,10,0.0,0.0,0.0,Semantic breakpoint
b5608076d91450b0d295ad14c3e3a90d7e168d0e,2002.03407,1,0.0,0.0,0.0,Semantic breakpoint
b5608076d91450b0d295ad14c3e3a90d7e168d0e,2002.03407,3,0.0,0.0,0.0,Semantic breakpoint
b5608076d91450b0d295ad14c3e3a90d7e168d0e,2002.03407,5,0.0,0.0,0.0,Semantic breakpoint
b5608076d91450b0d295ad14c3e3a90d7e168d0e,2002.03407,10,0.0,0.0,0.0,Semantic breakpoint
bd5bd1765362c2d972a762ca12675108754aa437,1804.05918,1,0.0,0.0,0.0,Semantic breakpoint
bd5bd1765362c2d972a762ca12675108754aa437,1804.05918,3,0.0,0.0,0.0,Semantic breakpoint
bd5bd1765362c2d972a762ca12675108754aa437,1804.05918,5,0.0,0.0,0.0,Semantic breakpoint
bd5bd1765362c2d972a762ca12675108754aa437,1804.05918,10,0.0,0.0,0.0,Semantic breakpoint
31735ec3d83c40b79d11df5c34154849aeb3fb47,2002.03407,1,0.0,0.0,0.0,Semantic breakpoint
31735ec3d83c40b79d11df5c34154849aeb3fb47,2002.03407,3,0.0,0.0,0.0,Semantic breakpoint
31735ec3d83c40b79d11df5c34154849aeb3fb47,2002.03407,5,0.0,0.0,0.0,Semantic breakpoint
31735ec3d83c40b79d11df5c34154849aeb3fb47,2002.03407,10,0.0,0.0,0.0,Semantic breakpoint
99e78c390932594bd833be0f5c890af5c605d808,1912.04961,1,0.0,0.0,0.0,Semantic breakpoint
99e78c390932594bd833be0f5c890af5c605d808,1912.04961,3,0.0,0.0,0.0,Semantic breakpoint
99e78c390932594bd833be0f5c890af5c605d808,1912.04961,5,0.0,0.0,0.0,Semantic breakpoint
99e78c390932594bd833be0f5c890af5c605d808,1912.04961,10,0.0,0.0,0.0,Semantic breakpoint
f5e6f43454332e0521a778db0b769481e23e7682,1912.01214,1,0.0,0.0,0.0,Semantic breakpoint
f5e6f43454332e0521a778db0b769481e23e7682,1912.01214,3,0.0,0.0,0.0,Semantic breakpoint
f5e6f43454332e0521a778db0b769481e23e7682,1912.01214,5,0.0,0.0,0.0,Semantic breakpoint
f5e6f43454332e0521a778db0b769481e23e7682,1912.01214,10,0.0,0.0,0.0,Semantic breakpoint
66c96c297c2cffdf5013bab5e95b59101cb38655,2003.03106,1,0.0,0.0,0.0,Semantic breakpoint
66c96c297c2cffdf5013bab5e95b59101cb38655,2003.03106,3,0.017543859649122806,0.08333333333333333,0.028985507246376812,Semantic breakpoint
66c96c297c2cffdf5013bab5e95b59101cb38655,2003.03106,5,0.08247422680412371,0.6666666666666666,0.14678899082568808,Semantic breakpoint
66c96c297c2cffdf5013bab5e95b59101cb38655,2003.03106,10,0.043243243243243246,0.6666666666666666,0.08121827411167513,Semantic breakpoint
9a05a5f4351db75da371f7ac12eb0b03607c4b87,1912.01214,1,0.0,0.0,0.0,Semantic breakpoint
9a05a5f4351db75da371f7ac12eb0b03607c4b87,1912.01214,3,0.0,0.0,0.0,Semantic breakpoint
9a05a5f4351db75da371f7ac12eb0b03607c4b87,1912.01214,5,0.0,0.0,0.0,Semantic breakpoint
9a05a5f4351db75da371f7ac12eb0b03607c4b87,1912.01214,10,0.0,0.0,0.0,Semantic breakpoint
d9b6c61fc6d29ad399d27b931b6cb7b1117b314a,1809.04267,1,0.0,0.0,0.0,Semantic breakpoint
d9b6c61fc6d29ad399d27b931b6cb7b1117b314a,1809.04267,3,0.0,0.0,0.0,Semantic breakpoint
d9b6c61fc6d29ad399d27b931b6cb7b1117b314a,1809.04267,5,0.0,0.0,0.0,Semantic breakpoint
d9b6c61fc6d29ad399d27b931b6cb7b1117b314a,1809.04267,10,0.0,0.0,0.0,Semantic breakpoint
7561a968470a8936d10e1ba722d2f38b5a9a4d38,1605.06083,1,0.0,0.0,0.0,Semantic breakpoint
7561a968470a8936d10e1ba722d2f38b5a9a4d38,1605.06083,3,0.14583333333333334,1.0,0.2545454545454546,Semantic breakpoint
7561a968470a8936d10e1ba722d2f38b5a9a4d38,1605.06083,5,0.07368421052631578,1.0,0.1372549019607843,Semantic breakpoint
7561a968470a8936d10e1ba722d2f38b5a9a4d38,1605.06083,10,0.03139013452914798,1.0,0.0608695652173913,Semantic breakpoint
1ec152119cf756b16191b236c85522afeed11f59,1909.00512,1,0.0,0.0,0.0,Structure-aware
1ec152119cf756b16191b236c85522afeed11f59,1909.00512,3,0.0,0.0,0.0,Structure-aware
1ec152119cf756b16191b236c85522afeed11f59,1909.00512,5,0.0,0.0,0.0,Structure-aware
1ec152119cf756b16191b236c85522afeed11f59,1909.00512,10,0.0,0.0,0.0,Structure-aware
d27438b11bc70e706431dda0af2b1c0b0d209f96,1901.05287,1,0.0,0.0,0.0,Structure-aware
d27438b11bc70e706431dda0af2b1c0b0d209f96,1901.05287,3,0.0,0.0,0.0,Structure-aware
d27438b11bc70e706431dda0af2b1c0b0d209f96,1901.05287,5,0.0,0.0,0.0,Structure-aware
d27438b11bc70e706431dda0af2b1c0b0d209f96,1901.05287,10,0.0,0.0,0.0,Structure-aware
f161e6d5aecf8fae3a26374dcb3e4e1b40530c95,1912.04961,1,0.0,0.0,0.0,Structure-aware
f161e6d5aecf8fae3a26374dcb3e4e1b40530c95,1912.04961,3,0.0,0.0,0.0,Structure-aware
f161e6d5aecf8fae3a26374dcb3e4e1b40530c95,1912.04961,5,0.0,0.0,0.0,Structure-aware
f161e6d5aecf8fae3a26374dcb3e4e1b40530c95,1912.04961,10,0.043478260869565216,0.2857142857142857,0.07547169811320756,Structure-aware
7e62a53823aba08bc26b2812db016f5ce6159565,1811.00383,1,0.0,0.0,0.0,Structure-aware
7e62a53823aba08bc26b2812db016f5ce6159565,1811.00383,3,0.0,0.0,0.0,Structure-aware
7e62a53823aba08bc26b2812db016f5ce6159565,1811.00383,5,0.16666666666666666,0.2,0.1818181818181818,Structure-aware
7e62a53823aba08bc26b2812db016f5ce6159565,1811.00383,10,0.041666666666666664,0.2,0.06896551724137931,Structure-aware
3c93894c4baf49deacc6ed2a14ef5e0f13b7d96f,1612.06685,1,1.0,0.07692307692307693,0.14285714285714288,Structure-aware
3c93894c4baf49deacc6ed2a14ef5e0f13b7d96f,1612.06685,3,0.1,0.07692307692307693,0.08695652173913043,Structure-aware
3c93894c4baf49deacc6ed2a14ef5e0f13b7d96f,1612.06685,5,0.35294117647058826,0.46153846153846156,0.4000000000000001,Structure-aware
3c93894c4baf49deacc6ed2a14ef5e0f13b7d96f,1612.06685,10,0.29411764705882354,0.7692307692307693,0.4255319148936171,Structure-aware
b5e4866f0685299f1d7af267bbcc4afe2aab806f,1810.08699,1,0.0,0.0,0.0,Structure-aware
b5e4866f0685299f1d7af267bbcc4afe2aab806f,1810.08699,3,0.0,0.0,0.0,Structure-aware
b5e4866f0685299f1d7af267bbcc4afe2aab806f,1810.08699,5,0.0,0.0,0.0,Structure-aware
b5e4866f0685299f1d7af267bbcc4afe2aab806f,1810.08699,10,0.0,0.0,0.0,Structure-aware
cfbec1ef032ac968560a7c76dec70faf1269b27c,1704.06194,1,0.0,0.0,0.0,Structure-aware
cfbec1ef032ac968560a7c76dec70faf1269b27c,1704.06194,3,0.36363636363636365,1.0,0.5333333333333333,Structure-aware
cfbec1ef032ac968560a7c76dec70faf1269b27c,1704.06194,5,0.19047619047619047,1.0,0.32,Structure-aware
cfbec1ef032ac968560a7c76dec70faf1269b27c,1704.06194,10,0.1111111111111111,1.0,0.19999999999999998,Structure-aware
455d4ef8611f62b1361be4f6387b222858bb5e56,1603.09631,1,0.0,0.0,0.0,Structure-aware
455d4ef8611f62b1361be4f6387b222858bb5e56,1603.09631,3,0.0,0.0,0.0,Structure-aware
455d4ef8611f62b1361be4f6387b222858bb5e56,1603.09631,5,0.0,0.0,0.0,Structure-aware
455d4ef8611f62b1361be4f6387b222858bb5e56,1603.09631,10,0.06896551724137931,0.3333333333333333,0.1142857142857143,Structure-aware
5eda469a8a77f028d0c5f1acd296111085614537,1912.01214,1,0.0,0.0,0.0,Structure-aware
5eda469a8a77f028d0c5f1acd296111085614537,1912.01214,3,0.0,0.0,0.0,Structure-aware
5eda469a8a77f028d0c5f1acd296111085614537,1912.01214,5,0.0,0.0,0.0,Structure-aware
5eda469a8a77f028d0c5f1acd296111085614537,1912.01214,10,0.0,0.0,0.0,Structure-aware
c21b87c97d1afac85ece2450ee76d01c946de668,2002.03407,1,0.0,0.0,0.0,Structure-aware
c21b87c97d1afac85ece2450ee76d01c946de668,2002.03407,3,0.0,0.0,0.0,Structure-aware
c21b87c97d1afac85ece2450ee76d01c946de668,2002.03407,5,0.0,0.0,0.0,Structure-aware
c21b87c97d1afac85ece2450ee76d01c946de668,2002.03407,10,0.0,0.0,0.0,Structure-aware
9eabb54c2408dac24f00f92cf1061258c7ea2e1a,1909.09067,1,0.0,0.0,0.0,Structure-aware
9eabb54c2408dac24f00f92cf1061258c7ea2e1a,1909.09067,3,0.0,0.0,0.0,Structure-aware
9eabb54c2408dac24f00f92cf1061258c7ea2e1a,1909.09067,5,0.0,0.0,0.0,Structure-aware
9eabb54c2408dac24f00f92cf1061258c7ea2e1a,1909.09067,10,0.15151515151515152,0.8333333333333334,0.25641025641025644,Structure-aware
a87a009c242d57c51fc94fe312af5e02070f898b,1609.00425,1,0.0,0.0,0.0,Structure-aware
a87a009c242d57c51fc94fe312af5e02070f898b,1609.00425,3,0.0,0.0,0.0,Structure-aware
a87a009c242d57c51fc94fe312af5e02070f898b,1609.00425,5,0.0,0.0,0.0,Structure-aware
a87a009c242d57c51fc94fe312af5e02070f898b,1609.00425,10,0.0,0.0,0.0,Structure-aware
0752d71a0a1f73b3482a888313622ce9e9870d6e,1708.01464,1,0.0,0.0,0.0,Structure-aware
0752d71a0a1f73b3482a888313622ce9e9870d6e,1708.01464,3,0.0,0.0,0.0,Structure-aware
0752d71a0a1f73b3482a888313622ce9e9870d6e,1708.01464,5,0.0,0.0,0.0,Structure-aware
0752d71a0a1f73b3482a888313622ce9e9870d6e,1708.01464,10,0.0,0.0,0.0,Structure-aware
1f085b9bb7bfd0d6c8cba1a9d73f08fcf2da7590,1810.08699,1,0.0,0.0,0.0,Structure-aware
1f085b9bb7bfd0d6c8cba1a9d73f08fcf2da7590,1810.08699,3,0.0,0.0,0.0,Structure-aware
1f085b9bb7bfd0d6c8cba1a9d73f08fcf2da7590,1810.08699,5,0.0,0.0,0.0,Structure-aware
1f085b9bb7bfd0d6c8cba1a9d73f08fcf2da7590,1810.08699,10,0.0,0.0,0.0,Structure-aware
efe9bad55107a6be7704ed97ecce948a8ca7b1d2,1909.11687,1,0.0,0.0,0.0,Structure-aware
efe9bad55107a6be7704ed97ecce948a8ca7b1d2,1909.11687,3,0.0,0.0,0.0,Structure-aware
efe9bad55107a6be7704ed97ecce948a8ca7b1d2,1909.11687,5,0.0,0.0,0.0,Structure-aware
efe9bad55107a6be7704ed97ecce948a8ca7b1d2,1909.11687,10,0.0,0.0,0.0,Structure-aware
18c5d366b1da8447b5404eab71f4cc658ba12e6f,1810.08699,1,0.0,0.0,0.0,Structure-aware
18c5d366b1da8447b5404eab71f4cc658ba12e6f,1810.08699,3,0.2,0.05555555555555555,0.08695652173913045,Structure-aware
18c5d366b1da8447b5404eab71f4cc658ba12e6f,1810.08699,5,0.14285714285714285,0.05555555555555555,0.08,Structure-aware
18c5d366b1da8447b5404eab71f4cc658ba12e6f,1810.08699,10,0.05555555555555555,0.05555555555555555,0.05555555555555555,Structure-aware
26c2e1eb12143d985e4fb50543cf0d1eb4395e67,1605.06083,1,1.0,0.3333333333333333,0.5,Structure-aware
26c2e1eb12143d985e4fb50543cf0d1eb4395e67,1605.06083,3,0.42857142857142855,0.3333333333333333,0.375,Structure-aware
26c2e1eb12143d985e4fb50543cf0d1eb4395e67,1605.06083,5,0.16666666666666666,0.3333333333333333,0.2222222222222222,Structure-aware
26c2e1eb12143d985e4fb50543cf0d1eb4395e67,1605.06083,10,0.15789473684210525,0.6666666666666666,0.25531914893617025,Structure-aware
3de0487276bb5961586acc6e9f82934ef8cb668c,2003.03106,1,1.0,0.16666666666666666,0.2857142857142857,Structure-aware
3de0487276bb5961586acc6e9f82934ef8cb668c,2003.03106,3,0.5,0.16666666666666666,0.25,Structure-aware
3de0487276bb5961586acc6e9f82934ef8cb668c,2003.03106,5,0.25,0.16666666666666666,0.2,Structure-aware
3de0487276bb5961586acc6e9f82934ef8cb668c,2003.03106,10,0.20689655172413793,0.3333333333333333,0.2553191489361702,Structure-aware
07d15501a599bae7eb4a9ead63e9df3d55b3dc35,1612.06685,1,0.0,0.0,0.0,Structure-aware
07d15501a599bae7eb4a9ead63e9df3d55b3dc35,1612.06685,3,0.0,0.0,0.0,Structure-aware
07d15501a599bae7eb4a9ead63e9df3d55b3dc35,1612.06685,5,0.0,0.0,0.0,Structure-aware
07d15501a599bae7eb4a9ead63e9df3d55b3dc35,1612.06685,10,0.0,0.0,0.0,Structure-aware
d087539e6a38c42f0a521ff2173ef42c0733878e,1909.11687,1,0.0,0.0,0.0,Structure-aware
d087539e6a38c42f0a521ff2173ef42c0733878e,1909.11687,3,0.3333333333333333,1.0,0.5,Structure-aware
d087539e6a38c42f0a521ff2173ef42c0733878e,1909.11687,5,0.25,1.0,0.4,Structure-aware
d087539e6a38c42f0a521ff2173ef42c0733878e,1909.11687,10,0.13793103448275862,1.0,0.2424242424242424,Structure-aware
0810b43404686ddfe4ca84783477ae300fdd2ea4,1910.10781,1,0.0,0.0,0.0,Structure-aware
0810b43404686ddfe4ca84783477ae300fdd2ea4,1910.10781,3,0.0,0.0,0.0,Structure-aware
0810b43404686ddfe4ca84783477ae300fdd2ea4,1910.10781,5,0.2962962962962963,0.3076923076923077,0.3018867924528302,Structure-aware
0810b43404686ddfe4ca84783477ae300fdd2ea4,1910.10781,10,0.19047619047619047,0.3076923076923077,0.23529411764705882,Structure-aware
9ee07edc371e014df686ced4fb0c3a7b9ce3d5dc,1704.06194,1,0.0,0.0,0.0,Structure-aware
9ee07edc371e014df686ced4fb0c3a7b9ce3d5dc,1704.06194,3,0.0,0.0,0.0,Structure-aware
9ee07edc371e014df686ced4fb0c3a7b9ce3d5dc,1704.06194,5,0.0,0.0,0.0,Structure-aware
9ee07edc371e014df686ced4fb0c3a7b9ce3d5dc,1704.06194,10,0.0,0.0,0.0,Structure-aware
2df4a045a9cd7b44874340b6fdf9308d3c55327a,1801.05147,1,0.0,0.0,0.0,Structure-aware
2df4a045a9cd7b44874340b6fdf9308d3c55327a,1801.05147,3,0.0,0.0,0.0,Structure-aware
2df4a045a9cd7b44874340b6fdf9308d3c55327a,1801.05147,5,0.0,0.0,0.0,Structure-aware
2df4a045a9cd7b44874340b6fdf9308d3c55327a,1801.05147,10,0.0,0.0,0.0,Structure-aware
d3aa0449708cc861a51551b128d73e11d62207d2,1704.06194,1,0.0,0.0,0.0,Structure-aware
d3aa0449708cc861a51551b128d73e11d62207d2,1704.06194,3,0.0,0.0,0.0,Structure-aware
d3aa0449708cc861a51551b128d73e11d62207d2,1704.06194,5,0.0,0.0,0.0,Structure-aware
d3aa0449708cc861a51551b128d73e11d62207d2,1704.06194,10,0.0,0.0,0.0,Structure-aware
10d450960907091f13e0be55f40bcb96f44dd074,2002.03407,1,0.0,0.0,0.0,Structure-aware
10d450960907091f13e0be55f40bcb96f44dd074,2002.03407,3,0.26666666666666666,0.14285714285714285,0.18604651162790697,Structure-aware
10d450960907091f13e0be55f40bcb96f44dd074,2002.03407,5,0.2631578947368421,0.17857142857142858,0.2127659574468085,Structure-aware
10d450960907091f13e0be55f40bcb96f44dd074,2002.03407,10,0.13513513513513514,0.17857142857142858,0.15384615384615385,Structure-aware
6d4400f45bd97b812e946b8a682b018826e841f1,1605.06083,1,0.0,0.0,0.0,Structure-aware
6d4400f45bd97b812e946b8a682b018826e841f1,1605.06083,3,0.3333333333333333,0.14285714285714285,0.2,Structure-aware
6d4400f45bd97b812e946b8a682b018826e841f1,1605.06083,5,0.15789473684210525,0.14285714285714285,0.15,Structure-aware
6d4400f45bd97b812e946b8a682b018826e841f1,1605.06083,10,0.1,0.14285714285714285,0.11764705882352941,Structure-aware
113d791df6fcfc9cecfb7b1bebaf32cc2e4402ab,1708.01464,1,0.0,0.0,0.0,Structure-aware
113d791df6fcfc9cecfb7b1bebaf32cc2e4402ab,1708.01464,3,0.0,0.0,0.0,Structure-aware
113d791df6fcfc9cecfb7b1bebaf32cc2e4402ab,1708.01464,5,0.0,0.0,0.0,Structure-aware
113d791df6fcfc9cecfb7b1bebaf32cc2e4402ab,1708.01464,10,0.0,0.0,0.0,Structure-aware
37861be6aecd9242c4fdccdfcd06e48f3f1f8f81,1811.00383,1,0.3333333333333333,0.02631578947368421,0.048780487804878044,Structure-aware
37861be6aecd9242c4fdccdfcd06e48f3f1f8f81,1811.00383,3,0.3,0.07894736842105263,0.125,Structure-aware
37861be6aecd9242c4fdccdfcd06e48f3f1f8f81,1811.00383,5,0.3125,0.13157894736842105,0.18518518518518517,Structure-aware
37861be6aecd9242c4fdccdfcd06e48f3f1f8f81,1811.00383,10,0.22580645161290322,0.18421052631578946,0.20289855072463767,Structure-aware
b6f15fb6279b82e34a5bf4828b7b5ddabfdf1d54,1912.01214,1,0.0,0.0,0.0,Structure-aware
b6f15fb6279b82e34a5bf4828b7b5ddabfdf1d54,1912.01214,3,0.0,0.0,0.0,Structure-aware
b6f15fb6279b82e34a5bf4828b7b5ddabfdf1d54,1912.01214,5,0.0,0.0,0.0,Structure-aware
b6f15fb6279b82e34a5bf4828b7b5ddabfdf1d54,1912.01214,10,0.0,0.0,0.0,Structure-aware
861187338c5ad445b9acddba8f2c7688785667b1,1912.04961,1,0.0,0.0,0.0,Structure-aware
861187338c5ad445b9acddba8f2c7688785667b1,1912.04961,3,0.0,0.0,0.0,Structure-aware
861187338c5ad445b9acddba8f2c7688785667b1,1912.04961,5,0.0,0.0,0.0,Structure-aware
861187338c5ad445b9acddba8f2c7688785667b1,1912.04961,10,0.0,0.0,0.0,Structure-aware
55c8f7acbfd4f5cde634aaecd775b3bb32e9ffa3,1708.01464,1,1.0,0.2,0.33333333333333337,Structure-aware
55c8f7acbfd4f5cde634aaecd775b3bb32e9ffa3,1708.01464,3,0.3333333333333333,0.2,0.25,Structure-aware
55c8f7acbfd4f5cde634aaecd775b3bb32e9ffa3,1708.01464,5,0.14285714285714285,0.2,0.16666666666666666,Structure-aware
55c8f7acbfd4f5cde634aaecd775b3bb32e9ffa3,1708.01464,10,0.125,0.4,0.19047619047619047,Structure-aware
b5608076d91450b0d295ad14c3e3a90d7e168d0e,2002.03407,1,0.0,0.0,0.0,Structure-aware
b5608076d91450b0d295ad14c3e3a90d7e168d0e,2002.03407,3,0.0,0.0,0.0,Structure-aware
b5608076d91450b0d295ad14c3e3a90d7e168d0e,2002.03407,5,0.32,0.4,0.35555555555555557,Structure-aware
b5608076d91450b0d295ad14c3e3a90d7e168d0e,2002.03407,10,0.17391304347826086,0.4,0.24242424242424243,Structure-aware
bd5bd1765362c2d972a762ca12675108754aa437,1804.05918,1,0.0,0.0,0.0,Structure-aware
bd5bd1765362c2d972a762ca12675108754aa437,1804.05918,3,0.0,0.0,0.0,Structure-aware
bd5bd1765362c2d972a762ca12675108754aa437,1804.05918,5,0.0,0.0,0.0,Structure-aware
bd5bd1765362c2d972a762ca12675108754aa437,1804.05918,10,0.0,0.0,0.0,Structure-aware
31735ec3d83c40b79d11df5c34154849aeb3fb47,2002.03407,1,0.0,0.0,0.0,Structure-aware
31735ec3d83c40b79d11df5c34154849aeb3fb47,2002.03407,3,0.0,0.0,0.0,Structure-aware
31735ec3d83c40b79d11df5c34154849aeb3fb47,2002.03407,5,0.0,0.0,0.0,Structure-aware
31735ec3d83c40b79d11df5c34154849aeb3fb47,2002.03407,10,0.0,0.0,0.0,Structure-aware
99e78c390932594bd833be0f5c890af5c605d808,1912.04961,1,0.0,0.0,0.0,Structure-aware
99e78c390932594bd833be0f5c890af5c605d808,1912.04961,3,0.0,0.0,0.0,Structure-aware
99e78c390932594bd833be0f5c890af5c605d808,1912.04961,5,0.0,0.0,0.0,Structure-aware
99e78c390932594bd833be0f5c890af5c605d808,1912.04961,10,0.0,0.0,0.0,Structure-aware
f5e6f43454332e0521a778db0b769481e23e7682,1912.01214,1,0.0,0.0,0.0,Structure-aware
f5e6f43454332e0521a778db0b769481e23e7682,1912.01214,3,0.0,0.0,0.0,Structure-aware
f5e6f43454332e0521a778db0b769481e23e7682,1912.01214,5,0.0,0.0,0.0,Structure-aware
f5e6f43454332e0521a778db0b769481e23e7682,1912.01214,10,0.0,0.0,0.0,Structure-aware
66c96c297c2cffdf5013bab5e95b59101cb38655,2003.03106,1,0.0,0.0,0.0,Structure-aware
66c96c297c2cffdf5013bab5e95b59101cb38655,2003.03106,3,0.5714285714285714,0.3333333333333333,0.4210526315789474,Structure-aware
66c96c297c2cffdf5013bab5e95b59101cb38655,2003.03106,5,0.3333333333333333,0.3333333333333333,0.3333333333333333,Structure-aware
66c96c297c2cffdf5013bab5e95b59101cb38655,2003.03106,10,0.1111111111111111,0.3333333333333333,0.16666666666666666,Structure-aware
9a05a5f4351db75da371f7ac12eb0b03607c4b87,1912.01214,1,0.0,0.0,0.0,Structure-aware
9a05a5f4351db75da371f7ac12eb0b03607c4b87,1912.01214,3,0.0,0.0,0.0,Structure-aware
9a05a5f4351db75da371f7ac12eb0b03607c4b87,1912.01214,5,0.0,0.0,0.0,Structure-aware
9a05a5f4351db75da371f7ac12eb0b03607c4b87,1912.01214,10,0.0,0.0,0.0,Structure-aware
d9b6c61fc6d29ad399d27b931b6cb7b1117b314a,1809.04267,1,0.0,0.0,0.0,Structure-aware
d9b6c61fc6d29ad399d27b931b6cb7b1117b314a,1809.04267,3,0.0,0.0,0.0,Structure-aware
d9b6c61fc6d29ad399d27b931b6cb7b1117b314a,1809.04267,5,0.0,0.0,0.0,Structure-aware
d9b6c61fc6d29ad399d27b931b6cb7b1117b314a,1809.04267,10,0.0,0.0,0.0,Structure-aware
7561a968470a8936d10e1ba722d2f38b5a9a4d38,1605.06083,1,0.0,0.0,0.0,Structure-aware
7561a968470a8936d10e1ba722d2f38b5a9a4d38,1605.06083,3,0.0,0.0,0.0,Structure-aware
7561a968470a8936d10e1ba722d2f38b5a9a4d38,1605.06083,5,0.0,0.0,0.0,Structure-aware
7561a968470a8936d10e1ba722d2f38b5a9a4d38,1605.06083,10,0.0,0.0,0.0,Structure-aware
