strategy,k,precision,recall,f1
Fixed-size,1,0.07,0.035714153683076,0.042535744519590024
Fixed-size,3,0.04307983193277311,0.07452247265878628,0.048607873886915544
Fixed-size,5,0.03875564537633503,0.11078517646130333,0.05148284687376283
Fixed-size,10,0.03011831824514079,0.15536352712632853,0.047136453295383705
Semantic breakpoint,1,0.02862258754675358,0.04059242663392069,0.02802030763629102
Semantic breakpoint,3,0.022359830397453095,0.10983204698814059,0.03439986746851964
Semantic breakpoint,5,0.017537305507127635,0.16291239738212673,0.03016012773063797
Semantic breakpoint,10,0.013569947229735611,0.2244832709530003,0.024763936520796212
Structure-aware,1,0.08,0.02461357167868425,0.034301262843528336
Structure-aware,3,0.05872413334859155,0.04723391738655118,0.04694955761157725
Structure-aware,5,0.04725336888352168,0.07022391766760004,0.05054953390184974
Structure-aware,10,0.047910335005031966,0.1546421349410052,0.06718795419022372
